Num;Group;Part;Axe;JM;Calculation;Feature
1;Accelerometer;Body;X;;mean;tBodyAcc-mean()-X
2;Accelerometer;Body;Y;;mean;tBodyAcc-mean()-Y
3;Accelerometer;Body;Z;;mean;tBodyAcc-mean()-Z
4;Accelerometer;Body;X;;std;tBodyAcc-std()-X
5;Accelerometer;Body;Y;;std;tBodyAcc-std()-Y
6;Accelerometer;Body;Z;;std;tBodyAcc-std()-Z
7;Accelerometer;Body;X;;mad;tBodyAcc-mad()-X
8;Accelerometer;Body;Y;;mad;tBodyAcc-mad()-Y
9;Accelerometer;Body;Z;;mad;tBodyAcc-mad()-Z
10;Accelerometer;Body;X;;max;tBodyAcc-max()-X
11;Accelerometer;Body;Y;;max;tBodyAcc-max()-Y
12;Accelerometer;Body;Z;;max;tBodyAcc-max()-Z
13;Accelerometer;Body;X;;min;tBodyAcc-min()-X
14;Accelerometer;Body;Y;;min;tBodyAcc-min()-Y
15;Accelerometer;Body;Z;;min;tBodyAcc-min()-Z
16;Accelerometer;Body;;;sma;tBodyAcc-sma()
17;Accelerometer;Body;X;;energy;tBodyAcc-energy()-X
18;Accelerometer;Body;Y;;energy;tBodyAcc-energy()-Y
19;Accelerometer;Body;Z;;energy;tBodyAcc-energy()-Z
20;Accelerometer;Body;X;;iqr;tBodyAcc-iqr()-X
21;Accelerometer;Body;Y;;iqr;tBodyAcc-iqr()-Y
22;Accelerometer;Body;Z;;iqr;tBodyAcc-iqr()-Z
23;Accelerometer;Body;X;;entropy;tBodyAcc-entropy()-X
24;Accelerometer;Body;Y;;entropy;tBodyAcc-entropy()-Y
25;Accelerometer;Body;Z;;entropy;tBodyAcc-entropy()-Z
26;Accelerometer;Body;X;;arCoeff;tBodyAcc-arCoeff-X,1
27;Accelerometer;Body;X;;arCoeff;tBodyAcc-arCoeff-X,2
28;Accelerometer;Body;X;;arCoeff;tBodyAcc-arCoeff-X,3
29;Accelerometer;Body;X;;arCoeff;tBodyAcc-arCoeff-X,4
30;Accelerometer;Body;Y;;arCoeff;tBodyAcc-arCoeff-Y,1
31;Accelerometer;Body;Y;;arCoeff;tBodyAcc-arCoeff-Y,2
32;Accelerometer;Body;Y;;arCoeff;tBodyAcc-arCoeff-Y,3
33;Accelerometer;Body;Y;;arCoeff;tBodyAcc-arCoeff-Y,4
34;Accelerometer;Body;Z;;arCoeff;tBodyAcc-arCoeff-Z,1
35;Accelerometer;Body;Z;;arCoeff;tBodyAcc-arCoeff-Z,2
36;Accelerometer;Body;Z;;arCoeff;tBodyAcc-arCoeff-Z,3
37;Accelerometer;Body;Z;;arCoeff;tBodyAcc-arCoeff-Z,4
38;Accelerometer;Body;XY;;correlation;tBodyAcc-correlation()-X,Y
39;Accelerometer;Body;XZ;;correlation;tBodyAcc-correlation()-X,Z
40;Accelerometer;Body;YZ;;correlation;tBodyAcc-correlation()-Y,Z
41;Accelerometer;Gravity;X;;mean;tGravityAcc-mean()-X
42;Accelerometer;Gravity;Y;;mean;tGravityAcc-mean()-Y
43;Accelerometer;Gravity;Z;;mean;tGravityAcc-mean()-Z
44;Accelerometer;Gravity;X;;std;tGravityAcc-std()-X
45;Accelerometer;Gravity;Y;;std;tGravityAcc-std()-Y
46;Accelerometer;Gravity;Z;;std;tGravityAcc-std()-Z
47;Accelerometer;Gravity;X;;mad;tGravityAcc-mad()-X
48;Accelerometer;Gravity;Y;;mad;tGravityAcc-mad()-Y
49;Accelerometer;Gravity;Z;;mad;tGravityAcc-mad()-Z
50;Accelerometer;Gravity;X;;max;tGravityAcc-max()-X
51;Accelerometer;Gravity;Y;;max;tGravityAcc-max()-Y
52;Accelerometer;Gravity;Z;;max;tGravityAcc-max()-Z
53;Accelerometer;Gravity;X;;min;tGravityAcc-min()-X
54;Accelerometer;Gravity;Y;;min;tGravityAcc-min()-Y
55;Accelerometer;Gravity;Z;;min;tGravityAcc-min()-Z
56;Accelerometer;Gravity;;;sma;tGravityAcc-sma()
57;Accelerometer;Gravity;X;;energy;tGravityAcc-energy()-X
58;Accelerometer;Gravity;Y;;energy;tGravityAcc-energy()-Y
59;Accelerometer;Gravity;Z;;energy;tGravityAcc-energy()-Z
60;Accelerometer;Gravity;X;;iqr;tGravityAcc-iqr()-X
61;Accelerometer;Gravity;Y;;iqr;tGravityAcc-iqr()-Y
62;Accelerometer;Gravity;Z;;iqr;tGravityAcc-iqr()-Z
63;Accelerometer;Gravity;X;;entropy;tGravityAcc-entropy()-X
64;Accelerometer;Gravity;Y;;entropy;tGravityAcc-entropy()-Y
65;Accelerometer;Gravity;Z;;entropy;tGravityAcc-entropy()-Z
66;Accelerometer;Gravity;X;;arCoeff;tGravityAcc-arCoeff-X,1
67;Accelerometer;Gravity;X;;arCoeff;tGravityAcc-arCoeff-X,2
68;Accelerometer;Gravity;X;;arCoeff;tGravityAcc-arCoeff-X,3
69;Accelerometer;Gravity;X;;arCoeff;tGravityAcc-arCoeff-X,4
70;Accelerometer;Gravity;Y;;arCoeff;tGravityAcc-arCoeff-Y,1
71;Accelerometer;Gravity;Y;;arCoeff;tGravityAcc-arCoeff-Y,2
72;Accelerometer;Gravity;Y;;arCoeff;tGravityAcc-arCoeff-Y,3
73;Accelerometer;Gravity;Y;;arCoeff;tGravityAcc-arCoeff-Y,4
74;Accelerometer;Gravity;Z;;arCoeff;tGravityAcc-arCoeff-Z,1
75;Accelerometer;Gravity;Z;;arCoeff;tGravityAcc-arCoeff-Z,2
76;Accelerometer;Gravity;Z;;arCoeff;tGravityAcc-arCoeff-Z,3
77;Accelerometer;Gravity;Z;;arCoeff;tGravityAcc-arCoeff-Z,4
78;Accelerometer;Gravity;XY;;correlation;tGravityAcc-correlation()-X,Y
79;Accelerometer;Gravity;XZ;;correlation;tGravityAcc-correlation()-X,Z
80;Accelerometer;Gravity;YZ;;correlation;tGravityAcc-correlation()-Y,Z
81;Accelerometer;Body;X;Jerk;mean;tBodyAccJerk-mean()-X
82;Accelerometer;Body;Y;Jerk;mean;tBodyAccJerk-mean()-Y
83;Accelerometer;Body;Z;Jerk;mean;tBodyAccJerk-mean()-Z
84;Accelerometer;Body;X;Jerk;std;tBodyAccJerk-std()-X
85;Accelerometer;Body;Y;Jerk;std;tBodyAccJerk-std()-Y
86;Accelerometer;Body;Z;Jerk;std;tBodyAccJerk-std()-Z
87;Accelerometer;Body;X;Jerk;mad;tBodyAccJerk-mad()-X
88;Accelerometer;Body;Y;Jerk;mad;tBodyAccJerk-mad()-Y
89;Accelerometer;Body;Z;Jerk;mad;tBodyAccJerk-mad()-Z
90;Accelerometer;Body;X;Jerk;max;tBodyAccJerk-max()-X
91;Accelerometer;Body;Y;Jerk;max;tBodyAccJerk-max()-Y
92;Accelerometer;Body;Z;Jerk;max;tBodyAccJerk-max()-Z
93;Accelerometer;Body;X;Jerk;min;tBodyAccJerk-min()-X
94;Accelerometer;Body;Y;Jerk;min;tBodyAccJerk-min()-Y
95;Accelerometer;Body;Z;Jerk;min;tBodyAccJerk-min()-Z
96;Accelerometer;Body;;Jerk;sma;tBodyAccJerk-sma()
97;Accelerometer;Body;X;Jerk;energy;tBodyAccJerk-energy()-X
98;Accelerometer;Body;Y;Jerk;energy;tBodyAccJerk-energy()-Y
99;Accelerometer;Body;Z;Jerk;energy;tBodyAccJerk-energy()-Z
100;Accelerometer;Body;X;Jerk;iqr;tBodyAccJerk-iqr()-X
101;Accelerometer;Body;Y;Jerk;iqr;tBodyAccJerk-iqr()-Y
102;Accelerometer;Body;Z;Jerk;iqr;tBodyAccJerk-iqr()-Z
103;Accelerometer;Body;X;Jerk;entropy;tBodyAccJerk-entropy()-X
104;Accelerometer;Body;Y;Jerk;entropy;tBodyAccJerk-entropy()-Y
105;Accelerometer;Body;Z;Jerk;entropy;tBodyAccJerk-entropy()-Z
106;Accelerometer;Body;X;Jerk;arCoeff;tBodyAccJerk-arCoeff-X,1
107;Accelerometer;Body;X;Jerk;arCoeff;tBodyAccJerk-arCoeff-X,2
108;Accelerometer;Body;X;Jerk;arCoeff;tBodyAccJerk-arCoeff-X,3
109;Accelerometer;Body;X;Jerk;arCoeff;tBodyAccJerk-arCoeff-X,4
110;Accelerometer;Body;Y;Jerk;arCoeff;tBodyAccJerk-arCoeff-Y,1
111;Accelerometer;Body;Y;Jerk;arCoeff;tBodyAccJerk-arCoeff-Y,2
112;Accelerometer;Body;Y;Jerk;arCoeff;tBodyAccJerk-arCoeff-Y,3
113;Accelerometer;Body;Y;Jerk;arCoeff;tBodyAccJerk-arCoeff-Y,4
114;Accelerometer;Body;Z;Jerk;arCoeff;tBodyAccJerk-arCoeff-Z,1
115;Accelerometer;Body;Z;Jerk;arCoeff;tBodyAccJerk-arCoeff-Z,2
116;Accelerometer;Body;Z;Jerk;arCoeff;tBodyAccJerk-arCoeff-Z,3
117;Accelerometer;Body;Z;Jerk;arCoeff;tBodyAccJerk-arCoeff-Z,4
118;Accelerometer;Body;XY;Jerk;correlation;tBodyAccJerk-correlation()-X,Y
119;Accelerometer;Body;XZ;Jerk;correlation;tBodyAccJerk-correlation()-X,Z
120;Accelerometer;Body;YZ;Jerk;correlation;tBodyAccJerk-correlation()-Y,Z
121;Gyroscope;Body;X;;mean;tBodyGyro-mean()-X
122;Gyroscope;Body;Y;;mean;tBodyGyro-mean()-Y
123;Gyroscope;Body;Z;;mean;tBodyGyro-mean()-Z
124;Gyroscope;Body;X;;std;tBodyGyro-std()-X
125;Gyroscope;Body;Y;;std;tBodyGyro-std()-Y
126;Gyroscope;Body;Z;;std;tBodyGyro-std()-Z
127;Gyroscope;Body;X;;mad;tBodyGyro-mad()-X
128;Gyroscope;Body;Y;;mad;tBodyGyro-mad()-Y
129;Gyroscope;Body;Z;;mad;tBodyGyro-mad()-Z
130;Gyroscope;Body;X;;max;tBodyGyro-max()-X
131;Gyroscope;Body;Y;;max;tBodyGyro-max()-Y
132;Gyroscope;Body;Z;;max;tBodyGyro-max()-Z
133;Gyroscope;Body;X;;min;tBodyGyro-min()-X
134;Gyroscope;Body;Y;;min;tBodyGyro-min()-Y
135;Gyroscope;Body;Z;;min;tBodyGyro-min()-Z
136;Gyroscope;Body;;;sma;tBodyGyro-sma()
137;Gyroscope;Body;X;;energy;tBodyGyro-energy()-X
138;Gyroscope;Body;Y;;energy;tBodyGyro-energy()-Y
139;Gyroscope;Body;Z;;energy;tBodyGyro-energy()-Z
140;Gyroscope;Body;X;;iqr;tBodyGyro-iqr()-X
141;Gyroscope;Body;Y;;iqr;tBodyGyro-iqr()-Y
142;Gyroscope;Body;Z;;iqr;tBodyGyro-iqr()-Z
143;Gyroscope;Body;X;;entropy;tBodyGyro-entropy()-X
144;Gyroscope;Body;Y;;entropy;tBodyGyro-entropy()-Y
145;Gyroscope;Body;Z;;entropy;tBodyGyro-entropy()-Z
146;Gyroscope;Body;X;;arCoeff;tBodyGyro-arCoeff-X,1
147;Gyroscope;Body;X;;arCoeff;tBodyGyro-arCoeff-X,2
148;Gyroscope;Body;X;;arCoeff;tBodyGyro-arCoeff-X,3
149;Gyroscope;Body;X;;arCoeff;tBodyGyro-arCoeff-X,4
150;Gyroscope;Body;Y;;arCoeff;tBodyGyro-arCoeff-Y,1
151;Gyroscope;Body;Y;;arCoeff;tBodyGyro-arCoeff-Y,2
152;Gyroscope;Body;Y;;arCoeff;tBodyGyro-arCoeff-Y,3
153;Gyroscope;Body;Y;;arCoeff;tBodyGyro-arCoeff-Y,4
154;Gyroscope;Body;Z;;arCoeff;tBodyGyro-arCoeff-Z,1
155;Gyroscope;Body;Z;;arCoeff;tBodyGyro-arCoeff-Z,2
156;Gyroscope;Body;Z;;arCoeff;tBodyGyro-arCoeff-Z,3
157;Gyroscope;Body;Z;;arCoeff;tBodyGyro-arCoeff-Z,4
158;Gyroscope;Body;XY;;correlation;tBodyGyro-correlation()-X,Y
159;Gyroscope;Body;XZ;;correlation;tBodyGyro-correlation()-X,Z
160;Gyroscope;Body;YZ;;correlation;tBodyGyro-correlation()-Y,Z
161;Gyroscope;Body;X;Jerk;mean;tBodyGyroJerk-mean()-X
162;Gyroscope;Body;Y;Jerk;mean;tBodyGyroJerk-mean()-Y
163;Gyroscope;Body;Z;Jerk;mean;tBodyGyroJerk-mean()-Z
164;Gyroscope;Body;X;Jerk;std;tBodyGyroJerk-std()-X
165;Gyroscope;Body;Y;Jerk;std;tBodyGyroJerk-std()-Y
166;Gyroscope;Body;Z;Jerk;std;tBodyGyroJerk-std()-Z
167;Gyroscope;Body;X;Jerk;mad;tBodyGyroJerk-mad()-X
168;Gyroscope;Body;Y;Jerk;mad;tBodyGyroJerk-mad()-Y
169;Gyroscope;Body;Z;Jerk;mad;tBodyGyroJerk-mad()-Z
170;Gyroscope;Body;X;Jerk;max;tBodyGyroJerk-max()-X
171;Gyroscope;Body;Y;Jerk;max;tBodyGyroJerk-max()-Y
172;Gyroscope;Body;Z;Jerk;max;tBodyGyroJerk-max()-Z
173;Gyroscope;Body;X;Jerk;min;tBodyGyroJerk-min()-X
174;Gyroscope;Body;Y;Jerk;min;tBodyGyroJerk-min()-Y
175;Gyroscope;Body;Z;Jerk;min;tBodyGyroJerk-min()-Z
176;Gyroscope;Body;;Jerk;sma;tBodyGyroJerk-sma()
177;Gyroscope;Body;X;Jerk;energy;tBodyGyroJerk-energy()-X
178;Gyroscope;Body;Y;Jerk;energy;tBodyGyroJerk-energy()-Y
179;Gyroscope;Body;Z;Jerk;energy;tBodyGyroJerk-energy()-Z
180;Gyroscope;Body;X;Jerk;iqr;tBodyGyroJerk-iqr()-X
181;Gyroscope;Body;Y;Jerk;iqr;tBodyGyroJerk-iqr()-Y
182;Gyroscope;Body;Z;Jerk;iqr;tBodyGyroJerk-iqr()-Z
183;Gyroscope;Body;X;Jerk;entropy;tBodyGyroJerk-entropy()-X
184;Gyroscope;Body;Y;Jerk;entropy;tBodyGyroJerk-entropy()-Y
185;Gyroscope;Body;Z;Jerk;entropy;tBodyGyroJerk-entropy()-Z
186;Gyroscope;Body;X;Jerk;arCoeff;tBodyGyroJerk-arCoeff-X,1
187;Gyroscope;Body;X;Jerk;arCoeff;tBodyGyroJerk-arCoeff-X,2
188;Gyroscope;Body;X;Jerk;arCoeff;tBodyGyroJerk-arCoeff-X,3
189;Gyroscope;Body;X;Jerk;arCoeff;tBodyGyroJerk-arCoeff-X,4
190;Gyroscope;Body;Y;Jerk;arCoeff;tBodyGyroJerk-arCoeff-Y,1
191;Gyroscope;Body;Y;Jerk;arCoeff;tBodyGyroJerk-arCoeff-Y,2
192;Gyroscope;Body;Y;Jerk;arCoeff;tBodyGyroJerk-arCoeff-Y,3
193;Gyroscope;Body;Y;Jerk;arCoeff;tBodyGyroJerk-arCoeff-Y,4
194;Gyroscope;Body;Z;Jerk;arCoeff;tBodyGyroJerk-arCoeff-Z,1
195;Gyroscope;Body;Z;Jerk;arCoeff;tBodyGyroJerk-arCoeff-Z,2
196;Gyroscope;Body;Z;Jerk;arCoeff;tBodyGyroJerk-arCoeff-Z,3
197;Gyroscope;Body;Z;Jerk;arCoeff;tBodyGyroJerk-arCoeff-Z,4
198;Gyroscope;Body;XY;Jerk;correlation;tBodyGyroJerk-correlation()-X,Y
199;Gyroscope;Body;XZ;Jerk;correlation;tBodyGyroJerk-correlation()-X,Z
200;Gyroscope;Body;YZ;Jerk;correlation;tBodyGyroJerk-correlation()-Y,Z
201;Accelerometer;Body;;Mag;mean;tBodyAccMag-mean()
202;Accelerometer;Body;;Mag;std;tBodyAccMag-std()
203;Accelerometer;Body;;Mag;mad;tBodyAccMag-mad()
204;Accelerometer;Body;;Mag;max;tBodyAccMag-max()
205;Accelerometer;Body;;Mag;min;tBodyAccMag-min()
206;Accelerometer;Body;;Mag;sma;tBodyAccMag-sma()
207;Accelerometer;Body;;Mag;energy;tBodyAccMag-energy()
208;Accelerometer;Body;;Mag;iqr;tBodyAccMag-iqr()
209;Accelerometer;Body;;Mag;entropy;tBodyAccMag-entropy()
210;Accelerometer;Body;;Mag;arCoeff;tBodyAccMag-arCoeff1
211;Accelerometer;Body;;Mag;arCoeff;tBodyAccMag-arCoeff2
212;Accelerometer;Body;;Mag;arCoeff;tBodyAccMag-arCoeff3
213;Accelerometer;Body;;Mag;arCoeff;tBodyAccMag-arCoeff4
214;Accelerometer;Gravity;;Mag;mean;tGravityAccMag-mean()
215;Accelerometer;Gravity;;Mag;std;tGravityAccMag-std()
216;Accelerometer;Gravity;;Mag;mad;tGravityAccMag-mad()
217;Accelerometer;Gravity;;Mag;max;tGravityAccMag-max()
218;Accelerometer;Gravity;;Mag;min;tGravityAccMag-min()
219;Accelerometer;Gravity;;Mag;sma;tGravityAccMag-sma()
220;Accelerometer;Gravity;;Mag;energy;tGravityAccMag-energy()
221;Accelerometer;Gravity;;Mag;iqr;tGravityAccMag-iqr()
222;Accelerometer;Gravity;;Mag;entropy;tGravityAccMag-entropy()
223;Accelerometer;Gravity;;Mag;arCoeff;tGravityAccMag-arCoeff1
224;Accelerometer;Gravity;;Mag;arCoeff;tGravityAccMag-arCoeff2
225;Accelerometer;Gravity;;Mag;arCoeff;tGravityAccMag-arCoeff3
226;Accelerometer;Gravity;;Mag;arCoeff;tGravityAccMag-arCoeff4
227;Accelerometer;Body;;Jerk/Mag;mean;tBodyAccJerkMag-mean()
228;Accelerometer;Body;;Jerk/Mag;std;tBodyAccJerkMag-std()
229;Accelerometer;Body;;Jerk/Mag;mad;tBodyAccJerkMag-mad()
230;Accelerometer;Body;;Jerk/Mag;max;tBodyAccJerkMag-max()
231;Accelerometer;Body;;Jerk/Mag;min;tBodyAccJerkMag-min()
232;Accelerometer;Body;;Jerk/Mag;sma;tBodyAccJerkMag-sma()
233;Accelerometer;Body;;Jerk/Mag;energy;tBodyAccJerkMag-energy()
234;Accelerometer;Body;;Jerk/Mag;iqr;tBodyAccJerkMag-iqr()
235;Accelerometer;Body;;Jerk/Mag;entropy;tBodyAccJerkMag-entropy()
236;Accelerometer;Body;;Jerk/Mag;arCoeff;tBodyAccJerkMag-arCoeff1
237;Accelerometer;Body;;Jerk/Mag;arCoeff;tBodyAccJerkMag-arCoeff2
238;Accelerometer;Body;;Jerk/Mag;arCoeff;tBodyAccJerkMag-arCoeff3
239;Accelerometer;Body;;Jerk/Mag;arCoeff;tBodyAccJerkMag-arCoeff4
240;Gyroscope;Body;;Mag;mean;tBodyGyroMag-mean()
241;Gyroscope;Body;;Mag;std;tBodyGyroMag-std()
242;Gyroscope;Body;;Mag;mad;tBodyGyroMag-mad()
243;Gyroscope;Body;;Mag;max;tBodyGyroMag-max()
244;Gyroscope;Body;;Mag;min;tBodyGyroMag-min()
245;Gyroscope;Body;;Mag;sma;tBodyGyroMag-sma()
246;Gyroscope;Body;;Mag;energy;tBodyGyroMag-energy()
247;Gyroscope;Body;;Mag;iqr;tBodyGyroMag-iqr()
248;Gyroscope;Body;;Mag;entropy;tBodyGyroMag-entropy()
249;Gyroscope;Body;;Mag;arCoeff;tBodyGyroMag-arCoeff1
250;Gyroscope;Body;;Mag;arCoeff;tBodyGyroMag-arCoeff2
251;Gyroscope;Body;;Mag;arCoeff;tBodyGyroMag-arCoeff3
252;Gyroscope;Body;;Mag;arCoeff;tBodyGyroMag-arCoeff4
253;Gyroscope;Body;;Jerk/Mag;mean;tBodyGyroJerkMag-mean()
254;Gyroscope;Body;;Jerk/Mag;std;tBodyGyroJerkMag-std()
255;Gyroscope;Body;;Jerk/Mag;mad;tBodyGyroJerkMag-mad()
256;Gyroscope;Body;;Jerk/Mag;max;tBodyGyroJerkMag-max()
257;Gyroscope;Body;;Jerk/Mag;min;tBodyGyroJerkMag-min()
258;Gyroscope;Body;;Jerk/Mag;sma;tBodyGyroJerkMag-sma()
259;Gyroscope;Body;;Jerk/Mag;energy;tBodyGyroJerkMag-energy()
260;Gyroscope;Body;;Jerk/Mag;iqr;tBodyGyroJerkMag-iqr()
261;Gyroscope;Body;;Jerk/Mag;entropy;tBodyGyroJerkMag-entropy()
262;Gyroscope;Body;;Jerk/Mag;arCoeff;tBodyGyroJerkMag-arCoeff1
263;Gyroscope;Body;;Jerk/Mag;arCoeff;tBodyGyroJerkMag-arCoeff2
264;Gyroscope;Body;;Jerk/Mag;arCoeff;tBodyGyroJerkMag-arCoeff3
265;Gyroscope;Body;;Jerk/Mag;arCoeff;tBodyGyroJerkMag-arCoeff4
266;Accelerometer;Body;X;;mean;fBodyAcc-mean()-X
267;Accelerometer;Body;Y;;mean;fBodyAcc-mean()-Y
268;Accelerometer;Body;Z;;mean;fBodyAcc-mean()-Z
269;Accelerometer;Body;X;;std;fBodyAcc-std()-X
270;Accelerometer;Body;Y;;std;fBodyAcc-std()-Y
271;Accelerometer;Body;Z;;std;fBodyAcc-std()-Z
272;Accelerometer;Body;X;;mad;fBodyAcc-mad()-X
273;Accelerometer;Body;Y;;mad;fBodyAcc-mad()-Y
274;Accelerometer;Body;Z;;mad;fBodyAcc-mad()-Z
275;Accelerometer;Body;X;;max;fBodyAcc-max()-X
276;Accelerometer;Body;Y;;max;fBodyAcc-max()-Y
277;Accelerometer;Body;Z;;max;fBodyAcc-max()-Z
278;Accelerometer;Body;X;;min;fBodyAcc-min()-X
279;Accelerometer;Body;Y;;min;fBodyAcc-min()-Y
280;Accelerometer;Body;Z;;min;fBodyAcc-min()-Z
281;Accelerometer;Body;;;sma;fBodyAcc-sma()
282;Accelerometer;Body;X;;energy;fBodyAcc-energy()-X
283;Accelerometer;Body;Y;;energy;fBodyAcc-energy()-Y
284;Accelerometer;Body;Z;;energy;fBodyAcc-energy()-Z
285;Accelerometer;Body;X;;iqr;fBodyAcc-iqr()-X
286;Accelerometer;Body;Y;;iqr;fBodyAcc-iqr()-Y
287;Accelerometer;Body;Z;;iqr;fBodyAcc-iqr()-Z
288;Accelerometer;Body;X;;entropy;fBodyAcc-entropy()-X
289;Accelerometer;Body;Y;;entropy;fBodyAcc-entropy()-Y
290;Accelerometer;Body;Z;;entropy;fBodyAcc-entropy()-Z
291;Accelerometer;Body;X;;max;fBodyAcc-maxInds-X
292;Accelerometer;Body;Y;;max;fBodyAcc-maxInds-Y
293;Accelerometer;Body;Z;;max;fBodyAcc-maxInds-Z
294;Accelerometer;Body;X;;mean;fBodyAcc-meanFreq()-X
295;Accelerometer;Body;Y;;mean;fBodyAcc-meanFreq()-Y
296;Accelerometer;Body;Z;;mean;fBodyAcc-meanFreq()-Z
297;Accelerometer;Body;X;;skewness;fBodyAcc-skewness()-X
298;Accelerometer;Body;X;;kurtosis;fBodyAcc-kurtosis()-X
299;Accelerometer;Body;Y;;skewness;fBodyAcc-skewness()-Y
300;Accelerometer;Body;Y;;kurtosis;fBodyAcc-kurtosis()-Y
301;Accelerometer;Body;Z;;skewness;fBodyAcc-skewness()-Z
302;Accelerometer;Body;Z;;kurtosis;fBodyAcc-kurtosis()-Z
303;Accelerometer;Body;;;energy;fBodyAcc-bandsEnergy()-1,8a
304;Accelerometer;Body;X;;energy;fBodyAcc-bandsEnergy()-9,16-X
305;Accelerometer;Body;X;;energy;fBodyAcc-bandsEnergy()-17,24-X
306;Accelerometer;Body;X;;energy;fBodyAcc-bandsEnergy()-25,32-X
307;Accelerometer;Body;X;;energy;fBodyAcc-bandsEnergy()-33,40-X
308;Accelerometer;Body;X;;energy;fBodyAcc-bandsEnergy()-41,48-X
309;Accelerometer;Body;X;;energy;fBodyAcc-bandsEnergy()-49,56-X
310;Accelerometer;Body;X;;energy;fBodyAcc-bandsEnergy()-57,64-X
311;Accelerometer;Body;X;;energy;fBodyAcc-bandsEnergy()-1,16-X
312;Accelerometer;Body;X;;energy;fBodyAcc-bandsEnergy()-17,32-X
313;Accelerometer;Body;X;;energy;fBodyAcc-bandsEnergy()-33,48-X
314;Accelerometer;Body;;;energy;fBodyAcc-bandsEnergy()-49,64a
315;Accelerometer;Body;X;;energy;fBodyAcc-bandsEnergy()-1,24-X
316;Accelerometer;Body;X;;energy;fBodyAcc-bandsEnergy()-25,48-X
317;Accelerometer;Body;Y;;energy;fBodyAcc-bandsEnergy()-1,8-Y
318;Accelerometer;Body;Y;;energy;fBodyAcc-bandsEnergy()-9,16-Y
319;Accelerometer;Body;Y;;energy;fBodyAcc-bandsEnergy()-17,24-Y
320;Accelerometer;Body;Y;;energy;fBodyAcc-bandsEnergy()-25,32-Y
321;Accelerometer;Body;Y;;energy;fBodyAcc-bandsEnergy()-33,40-Y
322;Accelerometer;Body;Y;;energy;fBodyAcc-bandsEnergy()-41,48-Y
323;Accelerometer;Body;Y;;energy;fBodyAcc-bandsEnergy()-49,56-Y
324;Accelerometer;Body;Y;;energy;fBodyAcc-bandsEnergy()-57,64-Y
325;Accelerometer;Body;Y;;energy;fBodyAcc-bandsEnergy()-1,16-Y
326;Accelerometer;Body;Y;;energy;fBodyAcc-bandsEnergy()-17,32-Y
327;Accelerometer;Body;Y;;energy;fBodyAcc-bandsEnergy()-33,48-Y
328;Accelerometer;Body;Y;;energy;fBodyAcc-bandsEnergy()-49,64-Y
329;Accelerometer;Body;Y;;energy;fBodyAcc-bandsEnergy()-1,24-Y
330;Accelerometer;Body;Y;;energy;fBodyAcc-bandsEnergy()-25,48-Y
331;Accelerometer;Body;Z;;energy;fBodyAcc-bandsEnergy()-1,8-Z
332;Accelerometer;Body;Z;;energy;fBodyAcc-bandsEnergy()-9,16-Z
333;Accelerometer;Body;Z;;energy;fBodyAcc-bandsEnergy()-17,24-Z
334;Accelerometer;Body;Z;;energy;fBodyAcc-bandsEnergy()-25,32-Z
335;Accelerometer;Body;Z;;energy;fBodyAcc-bandsEnergy()-33,40-Z
336;Accelerometer;Body;Z;;energy;fBodyAcc-bandsEnergy()-41,48-Z
337;Accelerometer;Body;Z;;energy;fBodyAcc-bandsEnergy()-49,56-Z
338;Accelerometer;Body;Z;;energy;fBodyAcc-bandsEnergy()-57,64-Z
339;Accelerometer;Body;Z;;energy;fBodyAcc-bandsEnergy()-1,16-Z
340;Accelerometer;Body;Z;;energy;fBodyAcc-bandsEnergy()-17,32-Z
341;Accelerometer;Body;Z;;energy;fBodyAcc-bandsEnergy()-33,48-Z
342;Accelerometer;Body;Z;;energy;fBodyAcc-bandsEnergy()-49,64-Z
343;Accelerometer;Body;Z;;energy;fBodyAcc-bandsEnergy()-1,24-Z
344;Accelerometer;Body;Z;;energy;fBodyAcc-bandsEnergy()-25,48-Z
345;Accelerometer;Body;X;Jerk;mean;fBodyAccJerk-mean()-X
346;Accelerometer;Body;Y;Jerk;mean;fBodyAccJerk-mean()-Y
347;Accelerometer;Body;Z;Jerk;mean;fBodyAccJerk-mean()-Z
348;Accelerometer;Body;X;Jerk;std;fBodyAccJerk-std()-X
349;Accelerometer;Body;Y;Jerk;std;fBodyAccJerk-std()-Y
350;Accelerometer;Body;Z;Jerk;std;fBodyAccJerk-std()-Z
351;Accelerometer;Body;X;Jerk;mad;fBodyAccJerk-mad()-X
352;Accelerometer;Body;Y;Jerk;mad;fBodyAccJerk-mad()-Y
353;Accelerometer;Body;Z;Jerk;mad;fBodyAccJerk-mad()-Z
354;Accelerometer;Body;X;Jerk;max;fBodyAccJerk-max()-X
355;Accelerometer;Body;Y;Jerk;max;fBodyAccJerk-max()-Y
356;Accelerometer;Body;Z;Jerk;max;fBodyAccJerk-max()-Z
357;Accelerometer;Body;X;Jerk;min;fBodyAccJerk-min()-X
358;Accelerometer;Body;Y;Jerk;min;fBodyAccJerk-min()-Y
359;Accelerometer;Body;Z;Jerk;min;fBodyAccJerk-min()-Z
360;Accelerometer;Body;;Jerk;sma;fBodyAccJerk-sma()
361;Accelerometer;Body;X;Jerk;energy;fBodyAccJerk-energy()-X
362;Accelerometer;Body;Y;Jerk;energy;fBodyAccJerk-energy()-Y
363;Accelerometer;Body;Z;Jerk;energy;fBodyAccJerk-energy()-Z
364;Accelerometer;Body;X;Jerk;iqr;fBodyAccJerk-iqr()-X
365;Accelerometer;Body;Y;Jerk;iqr;fBodyAccJerk-iqr()-Y
366;Accelerometer;Body;Z;Jerk;iqr;fBodyAccJerk-iqr()-Z
367;Accelerometer;Body;X;Jerk;entropy;fBodyAccJerk-entropy()-X
368;Accelerometer;Body;Y;Jerk;entropy;fBodyAccJerk-entropy()-Y
369;Accelerometer;Body;Z;Jerk;entropy;fBodyAccJerk-entropy()-Z
370;Accelerometer;Body;X;Jerk;max;fBodyAccJerk-maxInds-X
371;Accelerometer;Body;Y;Jerk;max;fBodyAccJerk-maxInds-Y
372;Accelerometer;Body;Z;Jerk;max;fBodyAccJerk-maxInds-Z
373;Accelerometer;Body;X;Jerk;mean;fBodyAccJerk-meanFreq()-X
374;Accelerometer;Body;Y;Jerk;mean;fBodyAccJerk-meanFreq()-Y
375;Accelerometer;Body;Z;Jerk;mean;fBodyAccJerk-meanFreq()-Z
376;Accelerometer;Body;X;Jerk;skewness;fBodyAccJerk-skewness()-X
377;Accelerometer;Body;X;Jerk;kurtosis;fBodyAccJerk-kurtosis()-X
378;Accelerometer;Body;Y;Jerk;skewness;fBodyAccJerk-skewness()-Y
379;Accelerometer;Body;Y;Jerk;kurtosis;fBodyAccJerk-kurtosis()-Y
380;Accelerometer;Body;Z;Jerk;skewness;fBodyAccJerk-skewness()-Z
381;Accelerometer;Body;Z;Jerk;kurtosis;fBodyAccJerk-kurtosis()-Z
382;Accelerometer;Body;;Jerk;energy;fBodyAccJerk-bandsEnergy()-1,8a
383;Accelerometer;Body;X;Jerk;energy;fBodyAccJerk-bandsEnergy()-9,16-X
384;Accelerometer;Body;X;Jerk;energy;fBodyAccJerk-bandsEnergy()-17,24-X
385;Accelerometer;Body;X;Jerk;energy;fBodyAccJerk-bandsEnergy()-25,32-X
386;Accelerometer;Body;X;Jerk;energy;fBodyAccJerk-bandsEnergy()-33,40-X
387;Accelerometer;Body;X;Jerk;energy;fBodyAccJerk-bandsEnergy()-41,48-X
388;Accelerometer;Body;X;Jerk;energy;fBodyAccJerk-bandsEnergy()-49,56-X
389;Accelerometer;Body;X;Jerk;energy;fBodyAccJerk-bandsEnergy()-57,64-X
390;Accelerometer;Body;X;Jerk;energy;fBodyAccJerk-bandsEnergy()-1,16-X
391;Accelerometer;Body;X;Jerk;energy;fBodyAccJerk-bandsEnergy()-17,32-X
392;Accelerometer;Body;X;Jerk;energy;fBodyAccJerk-bandsEnergy()-33,48-X
393;Accelerometer;Body;X;Jerk;energy;fBodyAccJerk-bandsEnergy()-49,64-X
394;Accelerometer;Body;X;Jerk;energy;fBodyAccJerk-bandsEnergy()-1,24-X
395;Accelerometer;Body;X;Jerk;energy;fBodyAccJerk-bandsEnergy()-25,48-X
396;Accelerometer;Body;Y;Jerk;energy;fBodyAccJerk-bandsEnergy()-1,8-Y
397;Accelerometer;Body;Y;Jerk;energy;fBodyAccJerk-bandsEnergy()-9,16-Y
398;Accelerometer;Body;Y;Jerk;energy;fBodyAccJerk-bandsEnergy()-17,24-Y
399;Accelerometer;Body;Y;Jerk;energy;fBodyAccJerk-bandsEnergy()-25,32-Y
400;Accelerometer;Body;Y;Jerk;energy;fBodyAccJerk-bandsEnergy()-33,40-Y
401;Accelerometer;Body;Y;Jerk;energy;fBodyAccJerk-bandsEnergy()-41,48-Y
402;Accelerometer;Body;Y;Jerk;energy;fBodyAccJerk-bandsEnergy()-49,56-Y
403;Accelerometer;Body;Y;Jerk;energy;fBodyAccJerk-bandsEnergy()-57,64-Y
404;Accelerometer;Body;Y;Jerk;energy;fBodyAccJerk-bandsEnergy()-1,16-Y
405;Accelerometer;Body;Y;Jerk;energy;fBodyAccJerk-bandsEnergy()-17,32-Y
406;Accelerometer;Body;Y;Jerk;energy;fBodyAccJerk-bandsEnergy()-33,48-Y
407;Accelerometer;Body;Y;Jerk;energy;fBodyAccJerk-bandsEnergy()-49,64-Y
408;Accelerometer;Body;Y;Jerk;energy;fBodyAccJerk-bandsEnergy()-1,24-Y
409;Accelerometer;Body;Y;Jerk;energy;fBodyAccJerk-bandsEnergy()-25,48-Y
410;Accelerometer;Body;Z;Jerk;energy;fBodyAccJerk-bandsEnergy()-1,8-Z
411;Accelerometer;Body;Z;Jerk;energy;fBodyAccJerk-bandsEnergy()-9,16-Z
412;Accelerometer;Body;Z;Jerk;energy;fBodyAccJerk-bandsEnergy()-17,24-Z
413;Accelerometer;Body;Z;Jerk;energy;fBodyAccJerk-bandsEnergy()-25,32-Z
414;Accelerometer;Body;Z;Jerk;energy;fBodyAccJerk-bandsEnergy()-33,40-Z
415;Accelerometer;Body;Z;Jerk;energy;fBodyAccJerk-bandsEnergy()-41,48-Z
416;Accelerometer;Body;Z;Jerk;energy;fBodyAccJerk-bandsEnergy()-49,56-Z
417;Accelerometer;Body;Z;Jerk;energy;fBodyAccJerk-bandsEnergy()-57,64-Z
418;Accelerometer;Body;Z;Jerk;energy;fBodyAccJerk-bandsEnergy()-1,16-Z
419;Accelerometer;Body;Z;Jerk;energy;fBodyAccJerk-bandsEnergy()-17,32-Z
420;Accelerometer;Body;Z;Jerk;energy;fBodyAccJerk-bandsEnergy()-33,48-Z
421;Accelerometer;Body;Z;Jerk;energy;fBodyAccJerk-bandsEnergy()-49,64-Z
422;Accelerometer;Body;Z;Jerk;energy;fBodyAccJerk-bandsEnergy()-1,24-Z
423;Accelerometer;Body;Z;Jerk;energy;fBodyAccJerk-bandsEnergy()-25,48-Z
424;Gyroscope;Body;X;;mean;fBodyGyro-mean()-X
425;Gyroscope;Body;Y;;mean;fBodyGyro-mean()-Y
426;Gyroscope;Body;Z;;mean;fBodyGyro-mean()-Z
427;Gyroscope;Body;X;;std;fBodyGyro-std()-X
428;Gyroscope;Body;Y;;std;fBodyGyro-std()-Y
429;Gyroscope;Body;Z;;std;fBodyGyro-std()-Z
430;Gyroscope;Body;X;;mad;fBodyGyro-mad()-X
431;Gyroscope;Body;Y;;mad;fBodyGyro-mad()-Y
432;Gyroscope;Body;Z;;mad;fBodyGyro-mad()-Z
433;Gyroscope;Body;X;;max;fBodyGyro-max()-X
434;Gyroscope;Body;Y;;max;fBodyGyro-max()-Y
435;Gyroscope;Body;Z;;max;fBodyGyro-max()-Z
436;Gyroscope;Body;X;;min;fBodyGyro-min()-X
437;Gyroscope;Body;Y;;min;fBodyGyro-min()-Y
438;Gyroscope;Body;Z;;min;fBodyGyro-min()-Z
439;Gyroscope;Body;;;sma;fBodyGyro-sma()
440;Gyroscope;Body;X;;energy;fBodyGyro-energy()-X
441;Gyroscope;Body;Y;;energy;fBodyGyro-energy()-Y
442;Gyroscope;Body;Z;;energy;fBodyGyro-energy()-Z
443;Gyroscope;Body;X;;iqr;fBodyGyro-iqr()-X
444;Gyroscope;Body;Y;;iqr;fBodyGyro-iqr()-Y
445;Gyroscope;Body;Z;;iqr;fBodyGyro-iqr()-Z
446;Gyroscope;Body;X;;entropy;fBodyGyro-entropy()-X
447;Gyroscope;Body;Y;;entropy;fBodyGyro-entropy()-Y
448;Gyroscope;Body;Z;;entropy;fBodyGyro-entropy()-Z
449;Gyroscope;Body;X;;max;fBodyGyro-maxInds-X
450;Gyroscope;Body;Y;;max;fBodyGyro-maxInds-Y
451;Gyroscope;Body;Z;;max;fBodyGyro-maxInds-Z
452;Gyroscope;Body;X;;mean;fBodyGyro-meanFreq()-X
453;Gyroscope;Body;Y;;mean;fBodyGyro-meanFreq()-Y
454;Gyroscope;Body;Z;;mean;fBodyGyro-meanFreq()-Z
455;Gyroscope;Body;X;;skewness;fBodyGyro-skewness()-X
456;Gyroscope;Body;X;;kurtosis;fBodyGyro-kurtosis()-X
457;Gyroscope;Body;Y;;skewness;fBodyGyro-skewness()-Y
458;Gyroscope;Body;Y;;kurtosis;fBodyGyro-kurtosis()-Y
459;Gyroscope;Body;Z;;skewness;fBodyGyro-skewness()-Z
460;Gyroscope;Body;Z;;kurtosis;fBodyGyro-kurtosis()-Z
461;Gyroscope;Body;;;energy;fBodyGyro-bandsEnergy()-1,8a
462;Gyroscope;Body;;;energy;fBodyGyro-bandsEnergy()-9,16a
463;Gyroscope;Body;X;;energy;fBodyGyro-bandsEnergy()-17,24-X
464;Gyroscope;Body;X;;energy;fBodyGyro-bandsEnergy()-25,32-X
465;Gyroscope;Body;X;;energy;fBodyGyro-bandsEnergy()-33,40-X
466;Gyroscope;Body;X;;energy;fBodyGyro-bandsEnergy()-41,48-X
467;Gyroscope;Body;X;;energy;fBodyGyro-bandsEnergy()-49,56-X
468;Gyroscope;Body;X;;energy;fBodyGyro-bandsEnergy()-57,64-X
469;Gyroscope;Body;X;;energy;fBodyGyro-bandsEnergy()-1,16-X
470;Gyroscope;Body;X;;energy;fBodyGyro-bandsEnergy()-17,32-X
471;Gyroscope;Body;X;;energy;fBodyGyro-bandsEnergy()-33,48-X
472;Gyroscope;Body;X;;energy;fBodyGyro-bandsEnergy()-49,64-X
473;Gyroscope;Body;X;;energy;fBodyGyro-bandsEnergy()-1,24-X
474;Gyroscope;Body;X;;energy;fBodyGyro-bandsEnergy()-25,48-X
475;Gyroscope;Body;Y;;energy;fBodyGyro-bandsEnergy()-1,8-Y
476;Gyroscope;Body;Y;;energy;fBodyGyro-bandsEnergy()-9,16-Y
477;Gyroscope;Body;Y;;energy;fBodyGyro-bandsEnergy()-17,24-Y
478;Gyroscope;Body;Y;;energy;fBodyGyro-bandsEnergy()-25,32-Y
479;Gyroscope;Body;Y;;energy;fBodyGyro-bandsEnergy()-33,40-Y
480;Gyroscope;Body;Y;;energy;fBodyGyro-bandsEnergy()-41,48-Y
481;Gyroscope;Body;Y;;energy;fBodyGyro-bandsEnergy()-49,56-Y
482;Gyroscope;Body;Y;;energy;fBodyGyro-bandsEnergy()-57,64-Y
483;Gyroscope;Body;Y;;energy;fBodyGyro-bandsEnergy()-1,16-Y
484;Gyroscope;Body;Y;;energy;fBodyGyro-bandsEnergy()-17,32-Y
485;Gyroscope;Body;Y;;energy;fBodyGyro-bandsEnergy()-33,48-Y
486;Gyroscope;Body;Y;;energy;fBodyGyro-bandsEnergy()-49,64-Y
487;Gyroscope;Body;Y;;energy;fBodyGyro-bandsEnergy()-1,24-Y
488;Gyroscope;Body;Y;;energy;fBodyGyro-bandsEnergy()-25,48-Y
489;Gyroscope;Body;Z;;energy;fBodyGyro-bandsEnergy()-1,8-Z
490;Gyroscope;Body;Z;;energy;fBodyGyro-bandsEnergy()-9,16-Z
491;Gyroscope;Body;;;energy;fBodyGyro-bandsEnergy()-17,24c
492;Gyroscope;Body;Z;;energy;fBodyGyro-bandsEnergy()-25,32-Z
493;Gyroscope;Body;Z;;energy;fBodyGyro-bandsEnergy()-33,40-Z
494;Gyroscope;Body;Z;;energy;fBodyGyro-bandsEnergy()-41,48-Z
495;Gyroscope;Body;Z;;energy;fBodyGyro-bandsEnergy()-49,56-Z
496;Gyroscope;Body;Z;;energy;fBodyGyro-bandsEnergy()-57,64-Z
497;Gyroscope;Body;Z;;energy;fBodyGyro-bandsEnergy()-1,16-Z
498;Gyroscope;Body;Z;;energy;fBodyGyro-bandsEnergy()-17,32-Z
499;Gyroscope;Body;Z;;energy;fBodyGyro-bandsEnergy()-33,48-Z
500;Gyroscope;Body;Z;;energy;fBodyGyro-bandsEnergy()-49,64-Z
501;Gyroscope;Body;Z;;energy;fBodyGyro-bandsEnergy()-1,24-Z
502;Gyroscope;Body;Z;;energy;fBodyGyro-bandsEnergy()-25,48-Z
503;Accelerometer;Body;;Mag;mean;fBodyAccMag-mean()
504;Accelerometer;Body;;Mag;std;fBodyAccMag-std()
505;Accelerometer;Body;;Mag;mad;fBodyAccMag-mad()
506;Accelerometer;Body;;Mag;max;fBodyAccMag-max()
507;Accelerometer;Body;;Mag;min;fBodyAccMag-min()
508;Accelerometer;Body;;Mag;sma;fBodyAccMag-sma()
509;Accelerometer;Body;;Mag;energy;fBodyAccMag-energy()
510;Accelerometer;Body;;Mag;iqr;fBodyAccMag-iqr()
511;Accelerometer;Body;;Mag;entropy;fBodyAccMag-entropy()
512;Accelerometer;Body;;Mag;max;fBodyAccMag-maxInds
513;Accelerometer;Body;;Mag;mean;fBodyAccMag-meanFreq()
514;Accelerometer;Body;;Mag;skewness;fBodyAccMag-skewness()
515;Accelerometer;Body;;Mag;kurtosis;fBodyAccMag-kurtosis()
516;Accelerometer;Body;;Jerk/Mag;mean;fBodyBodyAccJerkMag-mean()
517;Accelerometer;Body;;Jerk/Mag;std;fBodyBodyAccJerkMag-std()
518;Accelerometer;Body;;Jerk/Mag;mad;fBodyBodyAccJerkMag-mad()
519;Accelerometer;Body;;Jerk/Mag;max;fBodyBodyAccJerkMag-max()
520;Accelerometer;Body;;Jerk/Mag;min;fBodyBodyAccJerkMag-min()
521;Accelerometer;Body;;Jerk/Mag;sma;fBodyBodyAccJerkMag-sma()
522;Accelerometer;Body;;Jerk/Mag;energy;fBodyBodyAccJerkMag-energy()
523;Accelerometer;Body;;Jerk/Mag;iqr;fBodyBodyAccJerkMag-iqr()
524;Accelerometer;Body;;Jerk/Mag;entropy;fBodyBodyAccJerkMag-entropy()
525;Accelerometer;Body;;Jerk/Mag;max;fBodyBodyAccJerkMag-maxInds
526;Accelerometer;Body;;Jerk/Mag;mean;fBodyBodyAccJerkMag-meanFreq()
527;Accelerometer;Body;;Jerk/Mag;skewness;fBodyBodyAccJerkMag-skewness()
528;Accelerometer;Body;;Jerk/Mag;kurtosis;fBodyBodyAccJerkMag-kurtosis()
529;Gyroscope;Body;;Mag;mean;fBodyBodyGyroMag-mean()
530;Gyroscope;Body;;Mag;std;fBodyBodyGyroMag-std()
531;Gyroscope;Body;;Mag;mad;fBodyBodyGyroMag-mad()
532;Gyroscope;Body;;Mag;max;fBodyBodyGyroMag-max()
533;Gyroscope;Body;;Mag;min;fBodyBodyGyroMag-min()
534;Gyroscope;Body;;Mag;sma;fBodyBodyGyroMag-sma()
535;Gyroscope;Body;;Mag;energy;fBodyBodyGyroMag-energy()
536;Gyroscope;Body;;Mag;iqr;fBodyBodyGyroMag-iqr()
537;Gyroscope;Body;;Mag;entropy;fBodyBodyGyroMag-entropy()
538;Gyroscope;Body;;Mag;max;fBodyBodyGyroMag-maxInds
539;Gyroscope;Body;;Mag;mean;fBodyBodyGyroMag-meanFreq()
540;Gyroscope;Body;;Mag;skewness;fBodyBodyGyroMag-skewness()
541;Gyroscope;Body;;Mag;kurtosis;fBodyBodyGyroMag-kurtosis()
542;Gyroscope;Body;;Jerk/Mag;mean;fBodyBodyGyroJerkMag-mean()
543;Gyroscope;Body;;Jerk/Mag;std;fBodyBodyGyroJerkMag-std()
544;Gyroscope;Body;;Jerk/Mag;mad;fBodyBodyGyroJerkMag-mad()
545;Gyroscope;Body;;Jerk/Mag;max;fBodyBodyGyroJerkMag-max()
546;Gyroscope;Body;;Jerk/Mag;min;fBodyBodyGyroJerkMag-min()
547;Gyroscope;Body;;Jerk/Mag;sma;fBodyBodyGyroJerkMag-sma()
548;Gyroscope;Body;;Jerk/Mag;energy;fBodyBodyGyroJerkMag-energy()
549;Gyroscope;Body;;Jerk/Mag;iqr;fBodyBodyGyroJerkMag-iqr()
550;Gyroscope;Body;;Jerk/Mag;entropy;fBodyBodyGyroJerkMag-entropy()
551;Gyroscope;Body;;Jerk/Mag;max;fBodyBodyGyroJerkMag-maxInds
552;Gyroscope;Body;;Jerk/Mag;mean;fBodyBodyGyroJerkMag-meanFreq()
553;Gyroscope;Body;;Jerk/Mag;skewness;fBodyBodyGyroJerkMag-skewness()
554;Gyroscope;Body;;Jerk/Mag;kurtosis;fBodyBodyGyroJerkMag-kurtosis()
555;Accelerometer;Body/Gravity;;;mean;angle(tBodyAccMean,gravity)
556;Accelerometer;Body/Gravity;;Jerk;mean;angle(tBodyAccJerkMean),gravityMean)
557;Gyroscope;Body/Gravity;;;mean;angle(tBodyGyroMean,gravityMean)
558;Gyroscope;Body/Gravity;;Jerk;mean;angle(tBodyGyroJerkMean,gravityMean)
559;Angle;Gravity;;;mean;angle(X,gravityMean)
560;Angle;Gravity;;;mean;angle(Y,gravityMean)
561;Angle;Gravity;;;mean;angle(Z,gravityMean)